{
  "/api/auth/logout/68777986418a81e9470d3812-119" : {
    "transaction" : "/api/auth/logout/68777986418a81e9470d3812-119",
    "sampleCount" : 1,
    "errorCount" : 0,
    "errorPct" : 0.0,
    "meanResTime" : 2.0,
    "medianResTime" : 2.0,
    "minResTime" : 2.0,
    "maxResTime" : 2.0,
    "pct1ResTime" : 2.0,
    "pct2ResTime" : 2.0,
    "pct3ResTime" : 2.0,
    "throughput" : 500.0,
    "receivedKBytesPerSec" : 86.42578125,
    "sentKBytesPerSec" : 191.40625
  },
  "/api/auth/logout/68777991418a81e9470d3813-119" : {
    "transaction" : "/api/auth/logout/68777991418a81e9470d3813-119",
    "sampleCount" : 1,
    "errorCount" : 0,
    "errorPct" : 0.0,
    "meanResTime" : 2.0,
    "medianResTime" : 2.0,
    "minResTime" : 2.0,
    "maxResTime" : 2.0,
    "pct1ResTime" : 2.0,
    "pct2ResTime" : 2.0,
    "pct3ResTime" : 2.0,
    "throughput" : 500.0,
    "receivedKBytesPerSec" : 86.42578125,
    "sentKBytesPerSec" : 191.40625
  },
  "/api/auth/logout/6877797e418a81e9470d3811-119" : {
    "transaction" : "/api/auth/logout/6877797e418a81e9470d3811-119",
    "sampleCount" : 1,
    "errorCount" : 0,
    "errorPct" : 0.0,
    "meanResTime" : 2.0,
    "medianResTime" : 2.0,
    "minResTime" : 2.0,
    "maxResTime" : 2.0,
    "pct1ResTime" : 2.0,
    "pct2ResTime" : 2.0,
    "pct3ResTime" : 2.0,
    "throughput" : 500.0,
    "receivedKBytesPerSec" : 86.42578125,
    "sentKBytesPerSec" : 191.40625
  },
  "/api/auth/logout/687779b0418a81e9470d3816-119" : {
    "transaction" : "/api/auth/logout/687779b0418a81e9470d3816-119",
    "sampleCount" : 1,
    "errorCount" : 0,
    "errorPct" : 0.0,
    "meanResTime" : 1.0,
    "medianResTime" : 1.0,
    "minResTime" : 1.0,
    "maxResTime" : 1.0,
    "pct1ResTime" : 1.0,
    "pct2ResTime" : 1.0,
    "pct3ResTime" : 1.0,
    "throughput" : 1000.0,
    "receivedKBytesPerSec" : 172.8515625,
    "sentKBytesPerSec" : 382.8125
  },
  "/api/auth/logout/687779c0418a81e9470d3818-119" : {
    "transaction" : "/api/auth/logout/687779c0418a81e9470d3818-119",
    "sampleCount" : 1,
    "errorCount" : 0,
    "errorPct" : 0.0,
    "meanResTime" : 2.0,
    "medianResTime" : 2.0,
    "minResTime" : 2.0,
    "maxResTime" : 2.0,
    "pct1ResTime" : 2.0,
    "pct2ResTime" : 2.0,
    "pct3ResTime" : 2.0,
    "throughput" : 500.0,
    "receivedKBytesPerSec" : 86.42578125,
    "sentKBytesPerSec" : 191.40625
  },
  "/api/auth/logout/68774ca4418a81e9470d380c-119" : {
    "transaction" : "/api/auth/logout/68774ca4418a81e9470d380c-119",
    "sampleCount" : 1,
    "errorCount" : 0,
    "errorPct" : 0.0,
    "meanResTime" : 3.0,
    "medianResTime" : 3.0,
    "minResTime" : 3.0,
    "maxResTime" : 3.0,
    "pct1ResTime" : 3.0,
    "pct2ResTime" : 3.0,
    "pct3ResTime" : 3.0,
    "throughput" : 333.3333333333333,
    "receivedKBytesPerSec" : 57.6171875,
    "sentKBytesPerSec" : 127.60416666666666
  },
  "/api/auth/allusers/687779a5418a81e9470d3815-105" : {
    "transaction" : "/api/auth/allusers/687779a5418a81e9470d3815-105",
    "sampleCount" : 1,
    "errorCount" : 0,
    "errorPct" : 0.0,
    "meanResTime" : 8.0,
    "medianResTime" : 8.0,
    "minResTime" : 8.0,
    "maxResTime" : 8.0,
    "pct1ResTime" : 8.0,
    "pct2ResTime" : 8.0,
    "pct3ResTime" : 8.0,
    "throughput" : 125.0,
    "receivedKBytesPerSec" : 11412.109375,
    "sentKBytesPerSec" : 46.2646484375
  },
  "/api/auth/login-102" : {
    "transaction" : "/api/auth/login-102",
    "sampleCount" : 10,
    "errorCount" : 0,
    "errorPct" : 0.0,
    "meanResTime" : 3.5,
    "medianResTime" : 3.0,
    "minResTime" : 1.0,
    "maxResTime" : 11.0,
    "pct1ResTime" : 10.300000000000002,
    "pct2ResTime" : 11.0,
    "pct3ResTime" : 11.0,
    "throughput" : 11.876484560570072,
    "receivedKBytesPerSec" : 3.815784590261283,
    "sentKBytesPerSec" : 4.9060087589073635
  },
  "/api/auth/login-103" : {
    "transaction" : "/api/auth/login-103",
    "sampleCount" : 10,
    "errorCount" : 0,
    "errorPct" : 0.0,
    "meanResTime" : 56.3,
    "medianResTime" : 52.0,
    "minResTime" : 51.0,
    "maxResTime" : 84.0,
    "pct1ResTime" : 82.10000000000001,
    "pct2ResTime" : 84.0,
    "pct3ResTime" : 84.0,
    "throughput" : 11.350737797956867,
    "receivedKBytesPerSec" : 84.86671750851305,
    "sentKBytesPerSec" : 5.111157420544836
  },
  "/api/auth/allusers/6877799b418a81e9470d3814-105" : {
    "transaction" : "/api/auth/allusers/6877799b418a81e9470d3814-105",
    "sampleCount" : 1,
    "errorCount" : 0,
    "errorPct" : 0.0,
    "meanResTime" : 8.0,
    "medianResTime" : 8.0,
    "minResTime" : 8.0,
    "maxResTime" : 8.0,
    "pct1ResTime" : 8.0,
    "pct2ResTime" : 8.0,
    "pct3ResTime" : 8.0,
    "throughput" : 125.0,
    "receivedKBytesPerSec" : 11412.109375,
    "sentKBytesPerSec" : 46.2646484375
  },
  "/api/auth/allusers/687779b0418a81e9470d3816-105" : {
    "transaction" : "/api/auth/allusers/687779b0418a81e9470d3816-105",
    "sampleCount" : 1,
    "errorCount" : 0,
    "errorPct" : 0.0,
    "meanResTime" : 5.0,
    "medianResTime" : 5.0,
    "minResTime" : 5.0,
    "maxResTime" : 5.0,
    "pct1ResTime" : 5.0,
    "pct2ResTime" : 5.0,
    "pct3ResTime" : 5.0,
    "throughput" : 200.0,
    "receivedKBytesPerSec" : 18259.375,
    "sentKBytesPerSec" : 74.0234375
  },
  "/api/auth/allusers/68774ca4418a81e9470d380c-105" : {
    "transaction" : "/api/auth/allusers/68774ca4418a81e9470d380c-105",
    "sampleCount" : 1,
    "errorCount" : 0,
    "errorPct" : 0.0,
    "meanResTime" : 7.0,
    "medianResTime" : 7.0,
    "minResTime" : 7.0,
    "maxResTime" : 7.0,
    "pct1ResTime" : 7.0,
    "pct2ResTime" : 7.0,
    "pct3ResTime" : 7.0,
    "throughput" : 142.85714285714286,
    "receivedKBytesPerSec" : 13042.410714285714,
    "sentKBytesPerSec" : 52.87388392857143
  },
  "/api/auth/logout/687779b9418a81e9470d3817-119" : {
    "transaction" : "/api/auth/logout/687779b9418a81e9470d3817-119",
    "sampleCount" : 1,
    "errorCount" : 0,
    "errorPct" : 0.0,
    "meanResTime" : 2.0,
    "medianResTime" : 2.0,
    "minResTime" : 2.0,
    "maxResTime" : 2.0,
    "pct1ResTime" : 2.0,
    "pct2ResTime" : 2.0,
    "pct3ResTime" : 2.0,
    "throughput" : 500.0,
    "receivedKBytesPerSec" : 86.42578125,
    "sentKBytesPerSec" : 191.40625
  },
  "/api/auth/allusers/687747236c5104d056b3bae2-105" : {
    "transaction" : "/api/auth/allusers/687747236c5104d056b3bae2-105",
    "sampleCount" : 1,
    "errorCount" : 0,
    "errorPct" : 0.0,
    "meanResTime" : 9.0,
    "medianResTime" : 9.0,
    "minResTime" : 9.0,
    "maxResTime" : 9.0,
    "pct1ResTime" : 9.0,
    "pct2ResTime" : 9.0,
    "pct3ResTime" : 9.0,
    "throughput" : 111.1111111111111,
    "receivedKBytesPerSec" : 10144.097222222223,
    "sentKBytesPerSec" : 41.12413194444445
  },
  "/api/auth/allusers/687779c0418a81e9470d3818-105" : {
    "transaction" : "/api/auth/allusers/687779c0418a81e9470d3818-105",
    "sampleCount" : 1,
    "errorCount" : 0,
    "errorPct" : 0.0,
    "meanResTime" : 3.0,
    "medianResTime" : 3.0,
    "minResTime" : 3.0,
    "maxResTime" : 3.0,
    "pct1ResTime" : 3.0,
    "pct2ResTime" : 3.0,
    "pct3ResTime" : 3.0,
    "throughput" : 333.3333333333333,
    "receivedKBytesPerSec" : 30431.640625,
    "sentKBytesPerSec" : 123.37239583333333
  },
  "/api/auth/allusers/68777991418a81e9470d3813-105" : {
    "transaction" : "/api/auth/allusers/68777991418a81e9470d3813-105",
    "sampleCount" : 1,
    "errorCount" : 0,
    "errorPct" : 0.0,
    "meanResTime" : 8.0,
    "medianResTime" : 8.0,
    "minResTime" : 8.0,
    "maxResTime" : 8.0,
    "pct1ResTime" : 8.0,
    "pct2ResTime" : 8.0,
    "pct3ResTime" : 8.0,
    "throughput" : 125.0,
    "receivedKBytesPerSec" : 11412.109375,
    "sentKBytesPerSec" : 46.2646484375
  },
  "/api/messages/getmsg-110" : {
    "transaction" : "/api/messages/getmsg-110",
    "sampleCount" : 10,
    "errorCount" : 0,
    "errorPct" : 0.0,
    "meanResTime" : 2.0,
    "medianResTime" : 2.0,
    "minResTime" : 1.0,
    "maxResTime" : 3.0,
    "pct1ResTime" : 2.9000000000000004,